xmin;ymin;xmax;ymax
713.0204138127401;664.8881076292768;1247.7499960453674;921.1482908078522
1488.6345682332283;948.4827103469001;1444.216136482275;883.563463941661
